{
    "loss": 0.14580506086349487,
    "accuracy": 0.9833333492279053
}